{"packages/coinbit_ui_mobile/assets/icon/.DS_Store":["packages/coinbit_ui_mobile/assets/icon/.DS_Store"],"packages/coinbit_ui_mobile/assets/icon/ic_celebrate_active.png":["packages/coinbit_ui_mobile/assets/icon/ic_celebrate_active.png"],"packages/coinbit_ui_mobile/assets/icon/ic_celebrate_inactive.png":["packages/coinbit_ui_mobile/assets/icon/ic_celebrate_inactive.png"],"packages/coinbit_ui_mobile/assets/icon/ic_faceid.png":["packages/coinbit_ui_mobile/assets/icon/ic_faceid.png"],"packages/coinbit_ui_mobile/assets/icon/ic_fingerprint.png":["packages/coinbit_ui_mobile/assets/icon/ic_fingerprint.png"],"packages/coinbit_ui_mobile/assets/icon/ic_lock.png":["packages/coinbit_ui_mobile/assets/icon/ic_lock.png"],"packages/coinbit_ui_mobile/assets/icon/ic_shield.png":["packages/coinbit_ui_mobile/assets/icon/ic_shield.png"],"packages/coinbit_ui_mobile/assets/logo/bank/logo_bank_bca.png":["packages/coinbit_ui_mobile/assets/logo/bank/logo_bank_bca.png"],"packages/coinbit_ui_mobile/assets/logo/bank/logo_bank_bni.png":["packages/coinbit_ui_mobile/assets/logo/bank/logo_bank_bni.png"],"packages/coinbit_ui_mobile/assets/logo/bank/logo_bank_cimbniaga.png":["packages/coinbit_ui_mobile/assets/logo/bank/logo_bank_cimbniaga.png"],"packages/coinbit_ui_mobile/assets/logo/bank/logo_bank_jago.png":["packages/coinbit_ui_mobile/assets/logo/bank/logo_bank_jago.png"],"packages/coinbit_ui_mobile/assets/logo/bank/logo_bank_mandiri.png":["packages/coinbit_ui_mobile/assets/logo/bank/logo_bank_mandiri.png"],"packages/coinbit_ui_mobile/assets/logo/bank/logo_bank_other.png":["packages/coinbit_ui_mobile/assets/logo/bank/logo_bank_other.png"],"packages/coinbit_ui_mobile/assets/logo/bank/logo_bank_permata.png":["packages/coinbit_ui_mobile/assets/logo/bank/logo_bank_permata.png"],"packages/coinbit_ui_mobile/assets/logo/bank/logo_ewallet_dana.png":["packages/coinbit_ui_mobile/assets/logo/bank/logo_ewallet_dana.png"],"packages/coinbit_ui_mobile/assets/logo/bank/logo_ewallet_gopay.png":["packages/coinbit_ui_mobile/assets/logo/bank/logo_ewallet_gopay.png"],"packages/coinbit_ui_mobile/assets/logo/bank/logo_ewallet_linkaja.png":["packages/coinbit_ui_mobile/assets/logo/bank/logo_ewallet_linkaja.png"],"packages/coinbit_ui_mobile/assets/logo/bank/logo_ewallet_ovo.png":["packages/coinbit_ui_mobile/assets/logo/bank/logo_ewallet_ovo.png"],"packages/coinbit_ui_mobile/assets/logo/bank/logo_ewallet_shopeepay.png":["packages/coinbit_ui_mobile/assets/logo/bank/logo_ewallet_shopeepay.png"],"packages/coinbit_ui_mobile/assets/logo/crypto_dark/logo_crypto_FTXtoken_dark.png":["packages/coinbit_ui_mobile/assets/logo/crypto_dark/logo_crypto_FTXtoken_dark.png"],"packages/coinbit_ui_mobile/assets/logo/crypto_dark/logo_crypto_USDT_dark.png":["packages/coinbit_ui_mobile/assets/logo/crypto_dark/logo_crypto_USDT_dark.png"],"packages/coinbit_ui_mobile/assets/logo/crypto_dark/logo_crypto_USDcoin_dark.png":["packages/coinbit_ui_mobile/assets/logo/crypto_dark/logo_crypto_USDcoin_dark.png"],"packages/coinbit_ui_mobile/assets/logo/crypto_dark/logo_crypto_XRP_dark.png":["packages/coinbit_ui_mobile/assets/logo/crypto_dark/logo_crypto_XRP_dark.png"],"packages/coinbit_ui_mobile/assets/logo/crypto_dark/logo_crypto_algorand_dark.png":["packages/coinbit_ui_mobile/assets/logo/crypto_dark/logo_crypto_algorand_dark.png"],"packages/coinbit_ui_mobile/assets/logo/crypto_dark/logo_crypto_avalanche_dark.png":["packages/coinbit_ui_mobile/assets/logo/crypto_dark/logo_crypto_avalanche_dark.png"],"packages/coinbit_ui_mobile/assets/logo/crypto_dark/logo_crypto_axie_dark.png":["packages/coinbit_ui_mobile/assets/logo/crypto_dark/logo_crypto_axie_dark.png"],"packages/coinbit_ui_mobile/assets/logo/crypto_dark/logo_crypto_binance_coin_dark.png":["packages/coinbit_ui_mobile/assets/logo/crypto_dark/logo_crypto_binance_coin_dark.png"],"packages/coinbit_ui_mobile/assets/logo/crypto_dark/logo_crypto_binanceusd_dark.png":["packages/coinbit_ui_mobile/assets/logo/crypto_dark/logo_crypto_binanceusd_dark.png"],"packages/coinbit_ui_mobile/assets/logo/crypto_dark/logo_crypto_bitcoin_dark.png":["packages/coinbit_ui_mobile/assets/logo/crypto_dark/logo_crypto_bitcoin_dark.png"],"packages/coinbit_ui_mobile/assets/logo/crypto_dark/logo_crypto_bitcoincash_dark.png":["packages/coinbit_ui_mobile/assets/logo/crypto_dark/logo_crypto_bitcoincash_dark.png"],"packages/coinbit_ui_mobile/assets/logo/crypto_dark/logo_crypto_cardano_dark.png":["packages/coinbit_ui_mobile/assets/logo/crypto_dark/logo_crypto_cardano_dark.png"],"packages/coinbit_ui_mobile/assets/logo/crypto_dark/logo_crypto_chainlink_dark.png":["packages/coinbit_ui_mobile/assets/logo/crypto_dark/logo_crypto_chainlink_dark.png"],"packages/coinbit_ui_mobile/assets/logo/crypto_dark/logo_crypto_cosmosatom_dark.png":["packages/coinbit_ui_mobile/assets/logo/crypto_dark/logo_crypto_cosmosatom_dark.png"],"packages/coinbit_ui_mobile/assets/logo/crypto_dark/logo_crypto_daidai_dark.png":["packages/coinbit_ui_mobile/assets/logo/crypto_dark/logo_crypto_daidai_dark.png"],"packages/coinbit_ui_mobile/assets/logo/crypto_dark/logo_crypto_dogecoin_dark.png":["packages/coinbit_ui_mobile/assets/logo/crypto_dark/logo_crypto_dogecoin_dark.png"],"packages/coinbit_ui_mobile/assets/logo/crypto_dark/logo_crypto_ecashxec_dark.png":["packages/coinbit_ui_mobile/assets/logo/crypto_dark/logo_crypto_ecashxec_dark.png"],"packages/coinbit_ui_mobile/assets/logo/crypto_dark/logo_crypto_elrondEGLD_dark.png":["packages/coinbit_ui_mobile/assets/logo/crypto_dark/logo_crypto_elrondEGLD_dark.png"],"packages/coinbit_ui_mobile/assets/logo/crypto_dark/logo_crypto_ethereum_dark.png":["packages/coinbit_ui_mobile/assets/logo/crypto_dark/logo_crypto_ethereum_dark.png"],"packages/coinbit_ui_mobile/assets/logo/crypto_dark/logo_crypto_ethereumclassic_dark.png":["packages/coinbit_ui_mobile/assets/logo/crypto_dark/logo_crypto_ethereumclassic_dark.png"],"packages/coinbit_ui_mobile/assets/logo/crypto_dark/logo_crypto_fantom_dark.png":["packages/coinbit_ui_mobile/assets/logo/crypto_dark/logo_crypto_fantom_dark.png"],"packages/coinbit_ui_mobile/assets/logo/crypto_dark/logo_crypto_filecoin_dark.png":["packages/coinbit_ui_mobile/assets/logo/crypto_dark/logo_crypto_filecoin_dark.png"],"packages/coinbit_ui_mobile/assets/logo/crypto_dark/logo_crypto_hedera_hashgraph_hbar_dark.png":["packages/coinbit_ui_mobile/assets/logo/crypto_dark/logo_crypto_hedera_hashgraph_hbar_dark.png"],"packages/coinbit_ui_mobile/assets/logo/crypto_dark/logo_crypto_internet_computer_dark.png":["packages/coinbit_ui_mobile/assets/logo/crypto_dark/logo_crypto_internet_computer_dark.png"],"packages/coinbit_ui_mobile/assets/logo/crypto_dark/logo_crypto_litecoin_dark.png":["packages/coinbit_ui_mobile/assets/logo/crypto_dark/logo_crypto_litecoin_dark.png"],"packages/coinbit_ui_mobile/assets/logo/crypto_dark/logo_crypto_pancakeswap_dark.png":["packages/coinbit_ui_mobile/assets/logo/crypto_dark/logo_crypto_pancakeswap_dark.png"],"packages/coinbit_ui_mobile/assets/logo/crypto_dark/logo_crypto_polkadot_dark.png":["packages/coinbit_ui_mobile/assets/logo/crypto_dark/logo_crypto_polkadot_dark.png"],"packages/coinbit_ui_mobile/assets/logo/crypto_dark/logo_crypto_polygon_matic_dark.png":["packages/coinbit_ui_mobile/assets/logo/crypto_dark/logo_crypto_polygon_matic_dark.png"],"packages/coinbit_ui_mobile/assets/logo/crypto_dark/logo_crypto_rupiah_dark.png":["packages/coinbit_ui_mobile/assets/logo/crypto_dark/logo_crypto_rupiah_dark.png"],"packages/coinbit_ui_mobile/assets/logo/crypto_dark/logo_crypto_shiba_inu_dark.png":["packages/coinbit_ui_mobile/assets/logo/crypto_dark/logo_crypto_shiba_inu_dark.png"],"packages/coinbit_ui_mobile/assets/logo/crypto_dark/logo_crypto_solana_dark.png":["packages/coinbit_ui_mobile/assets/logo/crypto_dark/logo_crypto_solana_dark.png"],"packages/coinbit_ui_mobile/assets/logo/crypto_dark/logo_crypto_stellar_xlm_dark.png":["packages/coinbit_ui_mobile/assets/logo/crypto_dark/logo_crypto_stellar_xlm_dark.png"],"packages/coinbit_ui_mobile/assets/logo/crypto_dark/logo_crypto_terra_luna_dark.png":["packages/coinbit_ui_mobile/assets/logo/crypto_dark/logo_crypto_terra_luna_dark.png"],"packages/coinbit_ui_mobile/assets/logo/crypto_dark/logo_crypto_tezos_dark.png":["packages/coinbit_ui_mobile/assets/logo/crypto_dark/logo_crypto_tezos_dark.png"],"packages/coinbit_ui_mobile/assets/logo/crypto_dark/logo_crypto_theta_dark.png":["packages/coinbit_ui_mobile/assets/logo/crypto_dark/logo_crypto_theta_dark.png"],"packages/coinbit_ui_mobile/assets/logo/crypto_dark/logo_crypto_tron_dark.png":["packages/coinbit_ui_mobile/assets/logo/crypto_dark/logo_crypto_tron_dark.png"],"packages/coinbit_ui_mobile/assets/logo/crypto_dark/logo_crypto_uniswap_dark.png":["packages/coinbit_ui_mobile/assets/logo/crypto_dark/logo_crypto_uniswap_dark.png"],"packages/coinbit_ui_mobile/assets/logo/crypto_dark/logo_crypto_vechain_dark.png":["packages/coinbit_ui_mobile/assets/logo/crypto_dark/logo_crypto_vechain_dark.png"],"packages/coinbit_ui_mobile/assets/logo/crypto_light/logo_crypto_FTXtoken_light.png":["packages/coinbit_ui_mobile/assets/logo/crypto_light/logo_crypto_FTXtoken_light.png"],"packages/coinbit_ui_mobile/assets/logo/crypto_light/logo_crypto_USDT_light.png":["packages/coinbit_ui_mobile/assets/logo/crypto_light/logo_crypto_USDT_light.png"],"packages/coinbit_ui_mobile/assets/logo/crypto_light/logo_crypto_USDcoin_light.png":["packages/coinbit_ui_mobile/assets/logo/crypto_light/logo_crypto_USDcoin_light.png"],"packages/coinbit_ui_mobile/assets/logo/crypto_light/logo_crypto_XRP_light.png":["packages/coinbit_ui_mobile/assets/logo/crypto_light/logo_crypto_XRP_light.png"],"packages/coinbit_ui_mobile/assets/logo/crypto_light/logo_crypto_algorand_light.png":["packages/coinbit_ui_mobile/assets/logo/crypto_light/logo_crypto_algorand_light.png"],"packages/coinbit_ui_mobile/assets/logo/crypto_light/logo_crypto_avalanche_light.png":["packages/coinbit_ui_mobile/assets/logo/crypto_light/logo_crypto_avalanche_light.png"],"packages/coinbit_ui_mobile/assets/logo/crypto_light/logo_crypto_axie_light.png":["packages/coinbit_ui_mobile/assets/logo/crypto_light/logo_crypto_axie_light.png"],"packages/coinbit_ui_mobile/assets/logo/crypto_light/logo_crypto_binance_coin_light.png":["packages/coinbit_ui_mobile/assets/logo/crypto_light/logo_crypto_binance_coin_light.png"],"packages/coinbit_ui_mobile/assets/logo/crypto_light/logo_crypto_binanceusd_light.png":["packages/coinbit_ui_mobile/assets/logo/crypto_light/logo_crypto_binanceusd_light.png"],"packages/coinbit_ui_mobile/assets/logo/crypto_light/logo_crypto_bitcoin_light.png":["packages/coinbit_ui_mobile/assets/logo/crypto_light/logo_crypto_bitcoin_light.png"],"packages/coinbit_ui_mobile/assets/logo/crypto_light/logo_crypto_bitcoincash_light.png":["packages/coinbit_ui_mobile/assets/logo/crypto_light/logo_crypto_bitcoincash_light.png"],"packages/coinbit_ui_mobile/assets/logo/crypto_light/logo_crypto_cardano_light.png":["packages/coinbit_ui_mobile/assets/logo/crypto_light/logo_crypto_cardano_light.png"],"packages/coinbit_ui_mobile/assets/logo/crypto_light/logo_crypto_chainlink_light.png":["packages/coinbit_ui_mobile/assets/logo/crypto_light/logo_crypto_chainlink_light.png"],"packages/coinbit_ui_mobile/assets/logo/crypto_light/logo_crypto_cosmosatom_light.png":["packages/coinbit_ui_mobile/assets/logo/crypto_light/logo_crypto_cosmosatom_light.png"],"packages/coinbit_ui_mobile/assets/logo/crypto_light/logo_crypto_daidai_light.png":["packages/coinbit_ui_mobile/assets/logo/crypto_light/logo_crypto_daidai_light.png"],"packages/coinbit_ui_mobile/assets/logo/crypto_light/logo_crypto_dogecoin_light.png":["packages/coinbit_ui_mobile/assets/logo/crypto_light/logo_crypto_dogecoin_light.png"],"packages/coinbit_ui_mobile/assets/logo/crypto_light/logo_crypto_ecashxec_light.png":["packages/coinbit_ui_mobile/assets/logo/crypto_light/logo_crypto_ecashxec_light.png"],"packages/coinbit_ui_mobile/assets/logo/crypto_light/logo_crypto_elrondEGLD_light.png":["packages/coinbit_ui_mobile/assets/logo/crypto_light/logo_crypto_elrondEGLD_light.png"],"packages/coinbit_ui_mobile/assets/logo/crypto_light/logo_crypto_ethereum_light.png":["packages/coinbit_ui_mobile/assets/logo/crypto_light/logo_crypto_ethereum_light.png"],"packages/coinbit_ui_mobile/assets/logo/crypto_light/logo_crypto_ethereumclassic_light.png":["packages/coinbit_ui_mobile/assets/logo/crypto_light/logo_crypto_ethereumclassic_light.png"],"packages/coinbit_ui_mobile/assets/logo/crypto_light/logo_crypto_fantom_light.png":["packages/coinbit_ui_mobile/assets/logo/crypto_light/logo_crypto_fantom_light.png"],"packages/coinbit_ui_mobile/assets/logo/crypto_light/logo_crypto_filecoin_light.png":["packages/coinbit_ui_mobile/assets/logo/crypto_light/logo_crypto_filecoin_light.png"],"packages/coinbit_ui_mobile/assets/logo/crypto_light/logo_crypto_hedera_hashgraph_hbar_light.png":["packages/coinbit_ui_mobile/assets/logo/crypto_light/logo_crypto_hedera_hashgraph_hbar_light.png"],"packages/coinbit_ui_mobile/assets/logo/crypto_light/logo_crypto_internet_computer_light.png":["packages/coinbit_ui_mobile/assets/logo/crypto_light/logo_crypto_internet_computer_light.png"],"packages/coinbit_ui_mobile/assets/logo/crypto_light/logo_crypto_litecoin_light.png":["packages/coinbit_ui_mobile/assets/logo/crypto_light/logo_crypto_litecoin_light.png"],"packages/coinbit_ui_mobile/assets/logo/crypto_light/logo_crypto_pancakeswap_light.png":["packages/coinbit_ui_mobile/assets/logo/crypto_light/logo_crypto_pancakeswap_light.png"],"packages/coinbit_ui_mobile/assets/logo/crypto_light/logo_crypto_polkadot_light.png":["packages/coinbit_ui_mobile/assets/logo/crypto_light/logo_crypto_polkadot_light.png"],"packages/coinbit_ui_mobile/assets/logo/crypto_light/logo_crypto_polygon_matic_light.png":["packages/coinbit_ui_mobile/assets/logo/crypto_light/logo_crypto_polygon_matic_light.png"],"packages/coinbit_ui_mobile/assets/logo/crypto_light/logo_crypto_rupiah_light.png":["packages/coinbit_ui_mobile/assets/logo/crypto_light/logo_crypto_rupiah_light.png"],"packages/coinbit_ui_mobile/assets/logo/crypto_light/logo_crypto_shiba_inu_light.png":["packages/coinbit_ui_mobile/assets/logo/crypto_light/logo_crypto_shiba_inu_light.png"],"packages/coinbit_ui_mobile/assets/logo/crypto_light/logo_crypto_solana_light.png":["packages/coinbit_ui_mobile/assets/logo/crypto_light/logo_crypto_solana_light.png"],"packages/coinbit_ui_mobile/assets/logo/crypto_light/logo_crypto_stellar_xlm_light.png":["packages/coinbit_ui_mobile/assets/logo/crypto_light/logo_crypto_stellar_xlm_light.png"],"packages/coinbit_ui_mobile/assets/logo/crypto_light/logo_crypto_terra_luna_light.png":["packages/coinbit_ui_mobile/assets/logo/crypto_light/logo_crypto_terra_luna_light.png"],"packages/coinbit_ui_mobile/assets/logo/crypto_light/logo_crypto_tezos_light.png":["packages/coinbit_ui_mobile/assets/logo/crypto_light/logo_crypto_tezos_light.png"],"packages/coinbit_ui_mobile/assets/logo/crypto_light/logo_crypto_theta_light.png":["packages/coinbit_ui_mobile/assets/logo/crypto_light/logo_crypto_theta_light.png"],"packages/coinbit_ui_mobile/assets/logo/crypto_light/logo_crypto_tron_light.png":["packages/coinbit_ui_mobile/assets/logo/crypto_light/logo_crypto_tron_light.png"],"packages/coinbit_ui_mobile/assets/logo/crypto_light/logo_crypto_uniswap_light.png":["packages/coinbit_ui_mobile/assets/logo/crypto_light/logo_crypto_uniswap_light.png"],"packages/coinbit_ui_mobile/assets/logo/crypto_light/logo_crypto_vechain_light.png":["packages/coinbit_ui_mobile/assets/logo/crypto_light/logo_crypto_vechain_light.png"],"packages/coinbit_ui_mobile/fonts/CBIcons.ttf":["packages/coinbit_ui_mobile/fonts/CBIcons.ttf"],"packages/coinbit_ui_mobile/fonts/DMSans-Bold.ttf":["packages/coinbit_ui_mobile/fonts/DMSans-Bold.ttf"],"packages/coinbit_ui_mobile/fonts/DMSans-BoldItalic.ttf":["packages/coinbit_ui_mobile/fonts/DMSans-BoldItalic.ttf"],"packages/coinbit_ui_mobile/fonts/DMSans-Italic.ttf":["packages/coinbit_ui_mobile/fonts/DMSans-Italic.ttf"],"packages/coinbit_ui_mobile/fonts/DMSans-Medium.ttf":["packages/coinbit_ui_mobile/fonts/DMSans-Medium.ttf"],"packages/coinbit_ui_mobile/fonts/DMSans-MediumItalic.ttf":["packages/coinbit_ui_mobile/fonts/DMSans-MediumItalic.ttf"],"packages/coinbit_ui_mobile/fonts/DMsans-Regular.ttf":["packages/coinbit_ui_mobile/fonts/DMsans-Regular.ttf"],"packages/cupertino_icons/assets/CupertinoIcons.ttf":["packages/cupertino_icons/assets/CupertinoIcons.ttf"],"packages/flutter_feather_icons/fonts/feather.ttf":["packages/flutter_feather_icons/fonts/feather.ttf"],"packages/fluttericon/lib/fonts/Brandico.ttf":["packages/fluttericon/lib/fonts/Brandico.ttf"],"packages/fluttericon/lib/fonts/Elusive.ttf":["packages/fluttericon/lib/fonts/Elusive.ttf"],"packages/fluttericon/lib/fonts/Entypo.ttf":["packages/fluttericon/lib/fonts/Entypo.ttf"],"packages/fluttericon/lib/fonts/FontAwesome.ttf":["packages/fluttericon/lib/fonts/FontAwesome.ttf"],"packages/fluttericon/lib/fonts/FontAwesome5.ttf":["packages/fluttericon/lib/fonts/FontAwesome5.ttf"],"packages/fluttericon/lib/fonts/Fontelico.ttf":["packages/fluttericon/lib/fonts/Fontelico.ttf"],"packages/fluttericon/lib/fonts/Iconic.ttf":["packages/fluttericon/lib/fonts/Iconic.ttf"],"packages/fluttericon/lib/fonts/LineariconsFree.ttf":["packages/fluttericon/lib/fonts/LineariconsFree.ttf"],"packages/fluttericon/lib/fonts/Linecons.ttf":["packages/fluttericon/lib/fonts/Linecons.ttf"],"packages/fluttericon/lib/fonts/Maki.ttf":["packages/fluttericon/lib/fonts/Maki.ttf"],"packages/fluttericon/lib/fonts/Meteocons.ttf":["packages/fluttericon/lib/fonts/Meteocons.ttf"],"packages/fluttericon/lib/fonts/MfgLabs.ttf":["packages/fluttericon/lib/fonts/MfgLabs.ttf"],"packages/fluttericon/lib/fonts/ModernPictograms.ttf":["packages/fluttericon/lib/fonts/ModernPictograms.ttf"],"packages/fluttericon/lib/fonts/Octicons.ttf":["packages/fluttericon/lib/fonts/Octicons.ttf"],"packages/fluttericon/lib/fonts/RpgAwesome.ttf":["packages/fluttericon/lib/fonts/RpgAwesome.ttf"],"packages/fluttericon/lib/fonts/Typicons.ttf":["packages/fluttericon/lib/fonts/Typicons.ttf"],"packages/fluttericon/lib/fonts/WebSymbols.ttf":["packages/fluttericon/lib/fonts/WebSymbols.ttf"],"packages/fluttericon/lib/fonts/Zocial.ttf":["packages/fluttericon/lib/fonts/Zocial.ttf"]}